{"cameraMode":{"drawMode":0,"name":"Shaded","section":"Shading Mode"},"sceneLighting":true,"audioPlay":false,"sceneViewState":{"m_AlwaysRefresh":false,"showFog":true,"showSkybox":true,"showFlares":true,"showImageEffects":true,"showParticleSystems":true,"showVisualEffectGraphs":true,"m_FxEnabled":true},"in2DMode":false,"pivot":{"x":670.36083984375,"y":89.76581573486328,"z":2205.037841796875},"rotation":{"x":0.049710631370544437,"y":0.04346242547035217,"z":-0.0027449587360024454,"w":0.9979485273361206},"size":1497.0447998046875,"orthographic":false}